{
  "device":"bonito",
  "sensor":{
    "channels":6,
    "index":[0,1,2,3,4,5],
    "polarity":[1,1,1,1,1,1],
    "hpf":0.1,
    "lpf":[0.062857747, 0.2544972, 0.36529011, 0.2544972, 0.062857747],
    "median":5,
    "freq":50,
    "data_scale":[0.98302, 0.92724, 1.10864, 0.88108, 0.89634, 0.92586],
    "sampling_interval":20000000
  }
}
